ID,Book課本,Lesson第幾課,tay泰雅語,zh_tw中文,參考單字Vocabuary Reference,,,,,,,,
1,1,1,te utux lpgan,第一課,,,,,,,,,
2,1,1,lokah su ga?,你好嗎?,,,,,,,,,
3,1,1,aw,是的。,,,,,,,,,
4,1,1,"isu ga, lokah su uy?",我很好，你也好嗎？,1;2,,,,,,,,
5,1,1,"lokah cu uy, mhowey su baley.",我也很好，真的謝謝你。,1;2;3;4;6,,,,,,,,
6,1,1,lokah ci hiya.,他真好。,1;5;8,,,,,,,,
7,1,1,lokah ci uba mu.,我爺爺真好。,1;5;9,,,,,,,,
8,1,1,lokah ci utux sali nya.,他家人真好。,1;5;10;11,,,,,,,,
9,1,2,te saʼing lpgan,第二課,,,,,,,,,
10,1,2,ima lalu su?,你叫什麼名字?,2;12;14,,,,,,,,
11,1,2,lalu mu ga...,我的名字是...,14,,,,,,,,
12,1,2,ima lalu lpyung su?,你的朋友叫什麼名字？,2;12;14,,,,,,,,
13,1,2,lalu nya ga...,他的名字叫...,10;14,,,,,,,,
14,1,3,te tugan  lpgan,第三課,,,,,,,,,
15,1,3,kahul su inu ?,你從哪裡來?,,,,,,,,,
16,1,3,ima hiya?,他是誰？,,,,,,,,,
17,1,3,hiya ga lpyung mu.,他是我的朋友。,,,,,,,,,
18,1,3,lalu nya ga Yurow,他的名字叫優勞。,,,,,,,,,
19,1,3,"kahul su inu, Yurow ?",優勞，你從哪裡來？,,,,,,,,,
20,1,3,kahun cu alang Lopwe,我來自金岳,,,,,,,,,
21,1,3,isu ga?,你呢？,,,,,,,,,
22,1,3,kahul cu alang Pyahaw.,我來自碧候。,,,,,,,,,
23,1,3,kahunl cu alang Pyahaw,我來自碧候,,,,,,,,,
24,1,3,kahul cu alang Ropwe.,我來自金岳,,,,,,,,,
25,1,3,kahul cu alang Nango.,我來自南澳,,,,,,,,,
26,1,4,te payat lpgan,第四課,,,,,,,,,
27,1,4,pisa kawas su?,你幾歲了？,,,,,,,,,
28,1,4,"Ciwas, pisa kawas su?",吉娃斯，你幾歲了？,,,,,,,,,
29,1,4,pitu kawas mu.,我八歲了。,,,,,,,,,
30,1,4,pisa kawas su isu?,那你幾歲了？,,,,,,,,,
31,1,4,kinan ga mesuw kawas mu la.,我已經九歲了。,,,,,,,,,
32,1,4,pisa pila su?,你有多少錢？,,,,,,,,,
33,1,4,pisa cyoli sali su?,你家有多少人？,,,,,,,,,
34,1,4,pisa yamin su?,你有多少雙鞋子？,,,,,,,,,
35,1,5,te magan lpgan,第五課,,,,,,,,,
36,1,5,pwasan biru,學校,,,,,,,,,
37,1,5,musa su inu?,你要去哪裡？,,,,,,,,,
38,1,5,musa cu bih pwasan biru.,我要去學校。,,,,,,,,,
39,1,5,musa su mcwa kya?,你要去那兒做什麼？,,,,,,,,,
40,1,5,musa cu mowas biru.,我要去讀書。,,,,,,,,,
41,1,5,musa cu pwasan biru.,我要去上學。,,,,,,,,,
42,1,5,musa cu mowas.,我要去唱歌。,,,,,,,,,
43,1,5,musa cu tenah.,我要去跑步。,,,,,,,,,
44,1,6,te tiyu lpgan,第六課,,,,,,,,,
45,1,6,nyu cu mowas biru,我是學生,,,,,,,,,
46,1,6,cyu su mowas biru na?,你還在念書嗎？,,,,,,,,,
47,1,6,"aw, cyu cu mowas biru na.",是的，我還在念書,,,,,,,,,
48,1,6,lalu sliʼ su mowas biru?,你喜歡念什麼？,,,,,,,,,
49,1,6,sliʼ cu myugi.,我喜歡跳舞。,,,,,,,,,"
"
50,1,6,Kinan ga mowas biru.,我是學生。,,,,,,,,,
51,1,6,Kinan ga psbaʼ biru.,我是老師。,,,,,,,,,
52,1,6,Kinan ga pkita gaʼing.,我是醫生。,,,,,,,,,
53,1,6,kinan ga ptiyow mayah.,我是農人。,,,,,,,,,
54,1,7,te pitu lpgan,第七課,,,,,,,,,
55,1,7,cyu kya psbaʼ biru?,老師在這裡？,,,,,,,,,
56,1,7,hiya ga mowas biru?,他是學生嗎？,,,,,,,,,
57,1,7,iyat. hiya ga psbaʼ biru.,不是，他是老師。,,,,,,,,,
58,1,7,cyu inu psbaʼ biru?,老師在哪裡？,,,,,,,,,
59,1,7,nyu chey psbaʼ biru.,老師在這裡。,,,,,,,,,
60,1,7,cyu inu psbaʼ biru?,老師在哪裡？,,,,,,,,,
61,1,7,cyu inu yaya su?,你媽媽在哪裡？,,,,,,,,,
62,1,7,cyu inu yaba su?,你爸爸在哪裡？,,,,,,,,,
63,1,8,te spat lpgan,第八課,,,,,,,,,
64,1,8,kbaʼ cu mowas owas,我會唱歌,,,,,,,,,
65,1,8,"saʼing papak, saʼing roʼiy,",兩個耳朵，兩個眼睛，,,,,,,,,,
66,1,8,"utux nguhuw,",一個鼻子，,,,,,,,,,
67,1,8,utux ngowa mu.,一個嘴巴，,,,,,,,,,
68,1,8,saʼing ʼba,兩隻手，,,,,,,,,,
69,1,8,"saʼing kakey,",兩隻腳，,,,,,,,,,
70,1,8,"utux tunux,",一個頭，,,,,,,,,,
71,1,8,"utux hi mu,",一個身體。,,,,,,,,,
72,1,8,la la la……utux he mu.,啦啦啦……一個身體。,,,,,,,,,
73,1,8,pungey ta cikey utux owas ga?,我們來聽一段歌好嗎？,,,,,,,,,
74,1,8,saʼing papak mu.,我有兩個耳朵。,,,,,,,,,
75,1,8,saʼing roʼiy mu.,我有兩個眼睛。,,,,,,,,,
76,1,8,saʼing ʼba mu.,我有兩隻手。,,,,,,,,,
77,1,8,saʼing kakey mu.,我有兩隻腳。,,,,,,,,,
78,1,9,te mesuw lpgan,第九課,,,,,,,,,
79,1,9,pisa cyoli sali su?,誰在你的家？,,,,,,,,,
80,1,9,piyux baleyy cyoli sali mu.,我們家有很多人,,,,,,,,,
81,1,9,"yaya, yutas, yaki, mama, yata",有爸爸、媽媽、祖父、祖母、叔叔、嬸嬸,,,,,,,,,
82,1,9,"suyan mlikuy, sswe knerin ru kinan.",哥哥、妹妹，還有我。,,,,,,,,,
83,1,9,sbley cyamin kwara.,我們家人都很和善，,,,,,,,,,
84,1,9,myasa baley sali myan.,是個幸福又美滿的家庭。,,,,,,,,,
85,1,9,piyux baley cyoli nya.,好多人,,,,,,,,,
86,1,9,piyux baley biru mu.,我的作業好多,,,,,,,,,
87,1,9,piyux baley pila su.,你的錢好多,,,,,,,,,
88,1,9,piyux baley lukus nya.,他的衣服很多,,,,,,,,,
89,1,10,te mpuw,第十課,,,,,,,,,
90,1,10,yaya mu,我的媽媽,,,,,,,,,
91,1,10,ima lalu yaya su?,你的媽媽叫什麼名字？,,,,,,,,,
92,1,10,Rimuy Yawi lalu nya.,我媽媽叫莉慕伊亞衛。,,,,,,,,,
93,1,10,lalu kbaʼan na yaya su?,你媽媽的專長是什麼？,,,,,,,,,
94,1,10,kbaʼ cminun ro myugi.,他會織布和跳舞。,,,,,,,,,
95,1,10,nanu tkbaʼ ta cminun ru myugi uy.,我們也來學織布和跳舞。,,,,,,,,,
96,1,10,ima lalu yaya su?,你媽媽叫什麼名字？,,,,,,,,,
97,1,10,Rimuy Yawi lalu nya.,我媽媽叫莉慕伊亞衛。,,,,,,,,,
98,1,11,te mpuw utux lpgan,第十一課,,,,,,,,,
99,1,11,knbaʼan na utux sali myan,家人的技藝,,,,,,,,,
100,1,11,pitu hi kwara cyoli sali mu.,我家有七個人,,,,,,,,,
101,1,11,"yutas mu ga kbaʼ cminun kesi,",爺爺會做藤編，,,,,,,,,,
102,1,11,yaki mu ga kbaʼ cminun pala.,奶奶很會織布，,,,,,,,,,
103,1,11,yaba mu ga kbaʼ musa mluyak.,爸爸會打獵，,,,,,,,,,
104,1,11,"yaya mu ga kbaʼ phapuy rami Tayal,",媽媽會煮泰雅餐，,,,,,,,,,
105,1,11,kinan ru suyan mu mlikuy ga kbaʼ cyamin tʼcyux,我和哥哥會釣魚。,,,,,,,,,
106,1,11,sswe mu knerin ga sliʼ musa tisan tanux.,妹妹愛出去玩。,,,,,,,,,
107,1,11,payat hi kwara cyoli sali mu.,我的家有四個人。,,,,,,,,,
108,1,11,pitu hi kwara cyoli sali mu.,我的家有七個人。,,,,,,,,,
109,1,11,mpuw hi kwara cyoli sali mu.,我的家有十個人。,,,,,,,,,
110,1,12,te mpuw saʼing lpgan,第十二課,,,,,,,,,
111,1,12,lalu niʼun ta?,我們要吃什麼？,,,,,,,,,
112,1,12,mʼuyey baley ktu mu la?,我肚子餓死了。,,,,,,,,,
113,1,12,masuʼ su phapuy la?,您飯煮好了嗎？,,,,,,,,,
114,1,12,lalu niʼun ta?,我們今晚要吃什麼？,,,,,,,,,
115,1,12,masuʼ cu phapuy la.,我煮好了，,,,,,,,,,
116,1,12,"cyux, ngahi, iyung wasiʼ ru yapit rami ta.",今天的菜是魚、地瓜葉、龍葵湯和飛鼠。,,,,,,,,,
117,1,12,"talagey, piyux baley rami.",那麼多菜呀！,,,,,,,,,
118,1,12,nahay usa mowas biru.,趕快上學去。,,,,,,,,,
119,1,12,nahay pci lukus su.,趕快穿你的衣服。,,,,,,,,,
120,1,12,nahay waxiy ʼba su.,趕快洗你的手。,,,,,,,,,
121,1,12,nahay hayiy ptiyow.,趕快做事。,,,,,,,,,
122,2,1,te utux lpgan,第一課,,,,,,,,,
123,2,1,mnaniʼ su la?,你吃過了嗎？,,,,,,,,,
124,2,1,"Sayun, mnaniʼ su la?",撒韻，你吃過了嗎？,,,,,,,,,
125,2,1,mnaniʼ cu la.,我吃過了。,,,,,,,,,
126,2,1,mnaniʼ su laluʼ?,你吃了什麼？,,,,,,,,,
127,2,1,mnaniʼ cu ʼcyux ro ʼsyam,我吃了魚和肉。,,,,,,,,,
128,2,1,myasa niʼun?,好吃嗎？,,,,,,,,,
129,2,1,myasa ci niʼun wah!,很好吃耶！,,,,,,,,,
130,2,1,mnaniʼ su la?,你吃過了嗎？,,,,,,,,,
131,2,1,mnaniʼ cu la.,我吃過了。,,,,,,,,,
132,2,2,te saʼing lpgan,第二課,,,,,,,,,
133,2,2,pisa kawas su la?,你幾歲了？,,,,,,,,,
134,2,2,bawʼi ci cimu wah!,你們長得好高喔！,,,,,,,,,
135,2,2,msswe cimu?,你們是兄妹嗎？,,,,,,,,,
136,2,2,"aw, kuʼing ga suyan mlikuy,",是，我是哥哥。,,,,,,,,,
137,2,2,hiya ga sswe knerin mu.,她是我妹妹。,,,,,,,,,
138,2,2,"suyan, pisa kawas su la?",哥哥，你幾歲了？,,,,,,,,,
139,2,2,"spat kawas mu la, isu ga?",我八歲了。,,,,,,,,,
140,2,2,tiyu kawas mu la.,我六歲了。,,,,,,,,,
141,2,2,pisa kawas su?,你幾歲？,,,,,,,,,
142,2,2,pisa pila su?,你有多少錢？,,,,,,,,,
143,2,2,pisa cyoli sali su?,你家有多少人？,,,,,,,,,
144,2,3,te tugan lpgan,第三課,,,,,,,,,
145,2,3,nyu cu mgaʼing la,我生病了,,,,,,,,,
146,2,3,agey! gaʼing ci baley,唉唷！好痛、好痛喔！,,,,,,,,,
147,2,3,cyu su mcwa la?,妳怎麼了？,,,,,,,,,
148,2,3,mgaʼing ci tunux mu!,我的頭好痛！,,,,,,,,,
149,2,3,kilux ci wah! cyu mkilux tunux su la.,好燙啊！你發燒了,,,,,,,,,
150,2,3,rasun misu pkita mgaʼing.,我帶你去看病,,,,,,,,,
151,2,3,cyu su mcwa la?,妳怎麼了？,,,,,,,,,
152,2,3,gaʼing ci kakay mu!,我的腳好痛。,,,,,,,,,
153,2,4,te payat lpgan,第四課,,,,,,,,,
154,2,4,cmuling ʼsyam,烤肉,,,,,,,,,
155,2,4,"myasa ci kayan nya soni,",今天天氣很好，,,,,,,,,,
156,2,4,"utux sali myan ga msoʼun cyamin musa mema gong ro cmuling ʼsyam,",我們全家人一起到溪邊游泳、烤肉，,,,,,,,,,
157,2,4,mʼes ci tsalan myan.,我們玩得非常高興。,,,,,,,,,
158,2,4,myasa ci kayan soni.,今天天氣很好！,,,,,,,,,
159,2,4,myasa ci rami soni,今天菜色很好！,,,,,,,,,
160,2,5,te magan lpgan,第五課,,,,,,,,,
161,2,5,lpyung mu,我的朋友,,,,,,,,,
162,2,5,lpyung mu ga Sayun.,我的好朋友是莎韻,,,,,,,,,
163,2,5,Ipay ro Wilang.,伊拜、威浪。,,,,,,,,,
164,2,5,Sayun ga sliʼ mowas owas.,撒韻喜歡唱歌，,,,,,,,,,
165,2,5,Ipay ga sliʼ myugi.,伊拜喜歡跳舞，,,,,,,,,,
166,2,5,Wilang ga sliʼ kmkah boru.,威浪喜歡踢球，,,,,,,,,,
167,2,5,msoʼun cyamin mtisan krryax.,我們常常一起玩。,,,,,,,,,
168,2,5,Sayun ga sliʼ mowas owas.,莎韻喜歡唱歌。,,,,,,,,,
169,2,5,Sayun ga sliʼ myugi.,莎韻喜歡跳舞。,,,,,,,,,
170,2,5,Sayun ga sliʼ kmkah boru.,莎韻喜歡踢球。,,,,,,,,,
171,2,6,te tiyu lpgan,第六課,,,,,,,,,
172,2,6,cyu su mcwa?,你怎麼了？,,,,,,,,,
173,2,6,cyu su mcwa?,你怎麼了？,,,,,,,,,
174,2,6,cyu su smʼang la?,你生氣了？,,,,,,,,,
175,2,6,ini cu nya glgiy mtisan Temu la.,鐵木不跟我玩。,,,,,,,,,
176,2,6,"ana iri, glgan misu mtisan.",沒關係，我陪你玩,,,,,,,,,
177,2,6,"aw, msoʼun ta mahi boru!",好，我們一起去打球吧！,,,,,,,,,
178,2,6,cyu su mhcwa,你在做什麼？,,,,,,,,,
179,2,6,cyu su ksaʼang?,你在生氣嗎？,,,,,,,,,
180,2,6,cyu su myugi?,你在跳舞嗎？,,,,,,,,,
181,2,7,te pitu lpgan,第七課,,,,,,,,,
182,2,7,pʼasun ryax hntagan,生日快樂,,,,,,,,,
183,2,7,pʼasun ryax hntagan su Yageh.,祝雅給生日快樂。,,,,,,,,,
184,2,7,"Yageh, laluʼ sngusan su?",雅給，你的願望是什麼？,,,,,,,,,
185,2,7,aki lokah hi yaba ro yaya mu.,我希望爸爸媽媽身體健康。,,,,,,,,,
186,2,7,aki cu lokah mowas biru.,我希望自己認真讀書。,,,,,,,,,
187,2,7,aki mʼes krryax lpyung mu,我希望朋友每天過得很快樂。,,,,,,,,,
188,2,7,soʼun ta maniʼ tankaw la.,一起吃蛋糕吧！,,,,,,,,,
189,2,7,aki lokah hi naha.,希望他們身體健康。,,,,,,,,,
190,2,7,aki lokah mowas biru.,希望認真讀書。,,,,,,,,,
191,2,7,aki lokah mʼes lpyung mu.,希望朋友快樂。,,,,,,,,,
192,2,8,te spat lpgan,第八課,,,,,,,,,
193,2,8,mahi boru,打球,,,,,,,,,
194,2,8,"Yukan, masuʼ su miru biru la?",尤幹，你功課寫完了嗎？,,,,,,,,,
195,2,8,masuʼ cu miru la.,寫好了。,,,,,,,,,
196,2,8,hata mkhani Lawa ga?,我們一起去找拉娃玩？,,,,,,,,,
197,2,8,aw! hata!,好，我們去！,,,,,,,,,
198,2,8,"Lawa, iyat su musa mahi boru?",拉娃，要不要去打球？,,,,,,,,,
199,2,8,"musa cu, naga cu cikey.",我要去，等我一下。,,,,,,,,,
200,2,8,masuʼ su miru biru la?,你寫完作業了嗎？,,,,,,,,,
201,2,8,masuʼ su myugi la?,你跳完舞了嗎？,,,,,,,,,
202,2,8,masuʼ su mema la?,你洗完澡了嗎？,,,,,,,,,
203,2,9,te mesu lpgan,第九課,,,,,,,,,
204,2,9,bley ci niʼun kryax kwe,中餐真好吃,,,,,,,,,
205,2,9,bley ci niʼun kryax na pwasan biru kwe.,學校中餐真好吃。,,,,,,,,,
206,2,9,"kyan hi welung, rami, layan ro geloh.",有雞、青菜、綠豆湯、香蕉。,,,,,,,,,
207,2,9,mtngi myan ci maniʼ.,我們吃得好飽唷。,,,,,,,,,
208,2,9,mʼuwiy ci phapuy yata.,廚工阿姨真辛苦。,,,,,,,,,
209,2,9,mhowey su baley.,我們真感謝他。,,,,,,,,,
210,2,9,mtngi myan ci maniʼ.,我們吃得好飽唷。,,,,,,,,,
211,2,9,mʼuwiy myan ci.,我們好累唷。,,,,,,,,,
212,2,10,te mpuw lpgan,第十課,,,,,,,,,
213,2,10,sliʼ cu lmpuw biru,我喜歡讀書,,,,,,,,,
214,2,10,myasa mniru na pcpung su biru kwe ?,這次考試你考得如何？,,,,,,,,,
215,2,10,"yaʼeh cpngan mu, ini cu ngiyat mita biru.",我考得不好，我沒有認真看書。,,,,,,,,,
216,2,10,isu ga?,那你呢？,,,,,,,,,
217,2,10,myasa ci bniru mu hiya.,我考得很好。,,,,,,,,,
218,2,10,ksliʼ cu ci mita biru krryax.,我平常很喜歡看書。,,,,,,,,,
219,2,10,sliʼ cu ci mita biru.,我喜歡看書。,,,,,,,,,
220,2,10,sliʼ cu ci miru.,我喜歡寫字。,,,,,,,,,
221,2,10,sliʼ cu ci mtisan.,我喜歡玩。,,,,,,,,,
222,2,11,te mpuw utux lpgan,第十一課,,,,,,,,,
223,2,11,mhngiy pwasan la!,下課了！,,,,,,,,,
224,2,11,mhngiy ta la!,我們下課吧！,,,,,,,,,
225,2,11,tuliʼ! tmatuk tunux kwara!,起立！大家敬禮！,,,,,,,,,
226,2,11,mhowey su mrhow pcbaʼ biru,謝謝老師,,,,,,,,,
227,2,11,mhngiy ta la!,下課了！,,,,,,,,,
228,2,11,hata mtisan tanux.,我們去外面玩。,,,,,,,,,
229,2,11,thowey musa ki!,慢慢走！,,,,,,,,,
230,2,11,laxiy tenah.,不要跑。,,,,,,,,,
231,2,11,mhowey su mrhow psbaʼ biru,謝謝老師。,,,,,,,,,
232,2,11,mhowey su yaba yaya.,謝謝父母。,,,,,,,,,
233,2,11,mhowey su baley.,非常謝謝你。,,,,,,,,,
234,2,12,te mpuw saʼing lpgan,第十二課,,,,,,,,,
235,2,12,kmagow,打掃,,,,,,,,,
236,2,12,kmagow ta la!,我們打掃了！,,,,,,,,,
237,2,12,musa cu kmagow!,我去打掃！,,,,,,,,,
238,2,12,cmom cu tubung kinan!,我來擦窗戶！,,,,,,,,,
239,2,12,cmom cu hanray ʼwasan kinan!,我去擦桌子！,,,,,,,,,
240,2,12,bleʼow ta kmagow kwara!,我們把全部打掃乾淨！,,,,,,,,,
241,2,12,cmom cu tubung kinan!,我來擦窗戶。,,,,,,,,,
242,2,12,cmom cu hanray kinan!,我去擦桌子。,,,,,,,,,
243,3,1,te utux lpgan,第一課,,,,,,,,,
244,3,1,owas hngiyang biru ke na Tayal,泰雅書寫符號歌,,,,,,,,,
245,3,1,pungey ta owas ke na Tayal.,我們來聽泰雅歌謠，,,,,,,,,,
246,3,1,kwara biru kwe ga.,這些文字，,,,,,,,,,
247,3,1,hngiyang bireu ke na Tayal.,都是泰雅語文字和書寫系統。,,,,,,,,,
248,3,1,tkbaʼey ta krryax ki!,要常常練習喔！,,,,,,,,,
249,3,1,pungey ta cikey owas kwe!,我們來聽聽這首歌吧！,,,,,,,,,
250,3,2,te saʼing lpgan,第二課,,,,,,,,,
251,3,2,ima cyu mowas?,誰在唱歌,,,,,,,,,
252,3,2,ima cyu mowas?,誰在唱歌？,,,,,,,,,
253,3,2,Asaw cyu mowas.,阿紹在唱歌。,,,,,,,,,
254,3,2,laluʼ cyu ny pwasan?,他唱什麼歌？,,,,,,,,,
255,3,2,cyu mowas owas laʼiy.,他在唱兒歌。,,,,,,,,,
256,3,2,msoʼun ta mowas kwara.,我們一起唱吧！,,,,,,,,,
257,3,2,"utux ʼcyux,",一條魚，,,,,,,,,,
258,3,2,ini baʼiy meta?,不知道怎麼刺？,,,,,,,,,
259,3,2,san kenu meta?,要怎麼刺呢？,,,,,,,,,
260,3,2,btaʼiy biyux nya.,刺牠的屁股吧！,,,,,,,,,
261,3,2,panga cu kiri.,我揹著籐籃，,,,,,,,,,
262,3,2,lokah cu mtenah!,趕快跑！,,,,,,,,,
263,3,2,tekun cu sali.,到了家裡，,,,,,,,,,
264,3,2,nbuw ta iyung ʼcyux.,我們來喝魚湯。,,,,,,,,,
265,3,3,te tugan lpgan,第三課,,,,,,,,,
266,3,3,owas na Tayal,泰雅歌謠,,,,,,,,,
267,3,3,"yaya, cyu su mcwa?",媽媽，你在做什麼？,,,,,,,,,
268,3,3,nyu cu cmxu lmyun.,我正在搗米。,,,,,,,,,
269,3,3,laluʼ wayan su pwasan soni?,你剛才唱什麼歌？,,,,,,,,,
270,3,3,owas na Tayal.,泰雅歌謠。,,,,,,,,,
271,3,3,pwasiy cikey lwey?,可以在唱嗎？,,,,,,,,,
272,3,3,"aw, bleʼiy mung isu ki！",好，你要注意聽哦！,,,,,,,,,
273,3,4,te payat lpgan,第四課,,,,,,,,,
274,3,4,uwah tkbaʼ ke na Tayal,大家來學泰雅語,,,,,,,,,
275,3,4,"uwah,uwah,uwah,",來、來、來、,,,,,,,,,
276,3,4,laʼiy Tayal!,孩子們！,,,,,,,,,
277,3,4,"uwah tkbaʼ ke na Tayal kwara ta,",大家來學泰雅語，,,,,,,,,,
278,3,4,"ana knwan,",無論何時,,,,,,,,,
279,3,4,"ana su maki inu,",無論何地，,,,,,,,,,
280,3,4,lokah tkbaʼ ke Tayal kwara ta.,都要認真學泰雅語。,,,,,,,,,
281,3,5,te magan lpgan,第五課,,,,,,,,,
282,3,5,phpah ro khoniʼ,花兒樹木,,,,,,,,,
283,3,5,"laʼiy, hata mhkangi pnwasan biru ta.",小朋友，我們到校園走一走吧！,,,,,,,,,
284,3,5,"mrhow pcbaʼ biru,",老師，,,,,,,,,,
285,3,5,laluʼ phpah ro khoniʼ haca?,那些是什麼樹和花？,,,,,,,,,
286,3,5,"kwe ga khoniʼ payas,",這是榕樹、,,,,,,,,,
287,3,5,"knus ro khoni hayung,",樟樹和松樹，,,,,,,,,,
288,3,5,"haca ga cruhing,",那是山蘇、,,,,,,,,,
289,3,5,wasiʼ ro yahow.,龍葵和山萵苣。,,,,,,,,,
290,3,5,kwara phpah ro khoniʼ kwe ga bley ci tegan.,這些花草樹木真好看。,,,,,,,,,
291,3,6,te tiyu lpgan,第六課,,,,,,,,,
292,3,6,hata mtisan tanux,到外面去玩,,,,,,,,,
293,3,6,"Watan, hata mtisan tanux.",瓦旦，我們到外面去玩。,,,,,,,,,
294,3,6,hata mtisan sebiray、,我們去溜滑梯、,,,,,,,,,
295,3,6,karow ruma ro slokit ʼbo.,爬竿和單槓。,,,,,,,,,
296,3,6,"aw, laluʼ sliʼ su mtisan?",好哇！你要玩什麼？,,,,,,,,,
297,3,6,tlamey ta tisan kwara.,我們都來試一試吧！,,,,,,,,,
298,3,7,te pitu lpgan,第七課,,,,,,,,,
299,3,7,pnwasan biru mu,我的教室,,,,,,,,,
300,3,7,ini morow cyu mu pwasan biru kya.,我的教室很乾淨，,,,,,,,,,
301,3,7,cmyax ro glabang ci uy.,明亮又寬敞,,,,,,,,,
302,3,7,"cyu kya hanray,",有書桌、,,,,,,,,,
303,3,7,"lngan ro teribi,",椅子和電視，,,,,,,,,,
304,3,7,"piyux ci biru myasa ci tegan uy,",還有許多好看的書，,,,,,,,,,
305,3,7,myasa na tkbaʼan kwe.,這是學習的好地方。,,,,,,,,,
306,3,8,te spat lpgan,第八課,,,,,,,,,
307,3,8,uwah miyuy kwara,大家來運動,,,,,,,,,
308,3,8,"kruma cyoli ga cyu kmkah boru,",有些人在踢足球，,,,,,,,,,
309,3,8,"kruma cyoli ga cyu mtenah,",有些人在跑步，,,,,,,,,,
310,3,8,"kruma cyoli ga cyu mskotung,",有些人在跳躍，,,,,,,,,,
311,3,8,miyuy ga mwah slokah ci hi.,運動健身真好。,,,,,,,,,
312,3,9,te mesuw lpgan,第九課,,,,,,,,,
313,3,9,pcpung ta miyuy,運動比賽,,,,,,,,,
314,3,9,"yaya, pcpung miyuy pwasan myan biru cugan.",媽媽，明天學校要比賽跑步。,,,,,,,,,
315,3,9,musa su pcpung miyuy uy?,你有參加比賽嗎？,,,,,,,,,
316,3,9,musa cu pcpung myugi ro pcpung mtemah.,我參加舞蹈和跑步比賽，,,,,,,,,,
317,3,9,lokah ki! laluʼ musa mo cpngan lwey?,你要加油喔！還有哪些活動？,,,,,,,,,
318,3,9,kyan pcpung mskotung ro muʼ lʼiy uy.,還有跳高和射箭。,,,,,,,,,
319,3,9,lokah ki!,加油！,,,,,,,,,
320,3,10,te mpuw lpgan,第十課,,,,,,,,,
321,3,10,myugi,跳舞,,,,,,,,,
322,3,10,"mʼes, mʼes, mʼes.",快樂、快樂、真快樂。,,,,,,,,,
323,3,10,"myugi isu ro myugi cu uy,",你跳舞，我跳舞，,,,,,,,,,
324,3,10,miyuy kwara biyux ta.,大家一起來搖擺屁股。,,,,,,,,,
325,3,10,"mowas isu ro tmapak ʼba knan,",你唱歌，我拍手，,,,,,,,,,
326,3,10,pʼes ta msli kwara.,大家歡聚在一起。,,,,,,,,,
327,3,11,te mpuw utux lpgan,第十一課,,,,,,,,,
328,3,11,hngiyang na lubuw,口簧琴聲,,,,,,,,,
329,3,11,bley ci pungan hngiyang lubuw kwe.,你吹的樂器真好聽。,,,,,,,,,
330,3,11,baley ci?,真的嗎？,,,,,,,,,
331,3,11,kwe ga lubuw beʼux na Tayal.,這是我們泰雅族的單片口簧琴。,,,,,,,,,
332,3,11,knaley naha laluʼ?,它用什麼東西製作的？,,,,,,,,,
333,3,11,knley naha ruma ro lmʼung.,用竹子和銅片製作的。,,,,,,,,,
334,3,11,ksyugey mu tlubuw cikey?,借我吹吹看？,,,,,,,,,
335,3,11,"aw, ksyugey misu.",好啊！拿去吹。,,,,,,,,,
336,3,12,te mpuw saʼing lpgan,第十二課,,,,,,,,,
337,3,12,tkbaʼ cu cminun,我要學編織,,,,,,,,,
338,3,12,kbaʼ su cminun lukus Tayal?,你會織布嗎？,,,,,,,,,
339,3,12,"aw, kbaʼ cu cminun.",是的，我會。,,,,,,,,,
340,3,12,cbaʼiy cu cminun ga?,你教我織布好嗎？,,,,,,,,,
341,3,12,aw! cbaʼey misu cminun.,好啊！我來教你，,,,,,,,,,
342,3,12,yihung ci cminun wah!,好難織喔！,,,,,,,,,
343,3,12,kbaʼ su cminun laga musa su mknerin ci Tayal la.,等你學會了就可以成為真正的泰雅女人。,,,,,,,,,
344,4,1,te utux lpgan,第一課,,,,,,,,,
345,4,1,sali na Tayal,泰雅房屋,,,,,,,,,
346,4,1,"uba, lalu haca?",爺爺，那是什麼？,,,,,,,,,
347,4,1,ow! knkyan uba lela sali haca.,喔！那是爺爺曾住過的房子，,,,,,,,,,
348,4,1,kyan hka iyik nya.,屋內有火塘，,,,,,,,,,
349,4,1,hpuyan ro galan ta plahan.,是用來煮東西和取暖的。,,,,,,,,,
350,4,1,myasa kkyan haca?,住起來舒適嗎？,,,,,,,,,
351,4,1,aw ru!,當然囉！,,,,,,,,,
352,4,1,kbaʼ mhbil?,會漏雨嗎？,,,,,,,,,
353,4,1,ini hbil,不會漏雨。,,,,,,,,,
354,4,1,ʼbagan ga kbaʼ mkilux?,那夏天會很熱嗎？,,,,,,,,,
355,4,1,ow! ini kilux.,喔！不會熱，,,,,,,,,,
356,4,1,ʼbagan kkyan kya ga tltuw haʼiy.,夏天住起來比較涼。,,,,,,,,,
357,4,2,te saʼing lpgan,第二課,,,,,,,,,
358,4,2,lubuw tlbugan Tayal,泰雅器樂,,,,,,,,,
359,4,2,"Asaw, lubuw laluʼ nya su tlbugan.",阿紹，你吹什麼樂器，,,,,,,,,,
360,4,2,mlux ma kaca myasa pungan?,怎麼這麼好聽？,,,,,,,,,
361,4,2,nya su ini baʼiy?,你不知道嗎？,,,,,,,,,
362,4,2,kwe ga tlbugan ta ita Tayal.,這是我們泰雅族的樂器，,,,,,,,,,
363,4,2,pngo lalu nya.,叫做馘首笛,,,,,,,,,
364,4,2,"Ciwas, laluʼ lalu nya nya su tcingan lubuw haca lwey?",吉娃斯，你敲的又是甚麼樂器？,,,,,,,,,
365,4,2,kblayan lubuw kwe ga payat hkuy nya.,這是由四個音階構成的樂器，,,,,,,,,,
366,4,2,lubuw tcingan khoniʼ lalu nya.,叫做木琴。,,,,,,,,,
367,4,2,smoya cu tkbaʼ uy.,我也想學一學，,,,,,,,,,
368,4,2,ana su pcbaʼ knan?,你能夠教我嗎？,,,,,,,,,
369,4,2,aw! mʼes cu ci pcbaʼ isu.,好啊！我很樂意來教你。,,,,,,,,,
370,4,3,te tugan lpgan,第三課,,,,,,,,,
371,4,3,ptasan reyas Tayal,泰雅的紋面,,,,,,,,,
372,4,3,"yaya, babow syasing kya ga mlux kyan mtasiy haʼiy pnatas naha reyas na uba ro uya.",媽媽，照片上的爺爺奶奶臉上怎麼有暗綠色的圖紋。,,,,,,,,,
373,4,3,ow! aca ga ptasan reyas na Tayal.,哦！那是泰雅紋面。,,,,,,,,,
374,4,3,nya ini tnaʼ haʼiy ptasan reyas na uba ro uya wah.,爺爺奶奶的紋面好像不太一樣耶。,,,,,,,,,
375,4,3,wa su bleʼun ci mita wah!,你觀察得很仔細喲！,,,,,,,,,
376,4,3,mlikuy ga ptasan bih lihuy ro bit.,男生紋在額頭和下額，,,,,,,,,,
377,4,3,knerin ga ptasan bih reyas ro lihuy naha.,女生紋在額頭和臉頰。,,,,,,,,,
378,4,3,"yaya, kyan pntasan uba ro uya hiya.",媽媽，爺爺奶奶臉上有紋面，,,,,,,,,,
379,4,3,mlux ungat patas reyas su hiya?,為什麼你的臉上沒有紋面？,,,,,,,,,
380,4,3,baha mcwa.,因為，,,,,,,,,,
381,4,3,ryax na hntagan nu ga wa rema puyut gaga matas kwe la.,我出生的時候，我們部落紋面的習俗已經消失了。,,,,,,,,,
382,4,4,te payat lpgan,第四課,,,,,,,,,
383,4,4,luyak na Tayal,泰雅的狩獵,,,,,,,,,
384,4,4,"yaba, nya su sreyu ʼyaya laluʼ?",爸爸，你在整理什麼東西？,,,,,,,,,
385,4,4,nya cu lmon pnbaʼ ʼyaya na luyak.,我在準備狩獵的用具。,,,,,,,,,
386,4,4,maki laluʼ kwara ʼyaya na luyak?,狩獵的用具有哪些呢？,,,,,,,,,
387,4,4,"maki patus, lalow ro bneluʼ.",有獵槍、獵刀以及長矛。,,,,,,,,,
388,4,4,"nanak kwara haca laga, kyan binah na?",除了這些，還有別的嗎？,,,,,,,,,
389,4,4,spiyang yow ga pʼaras ta hoyin Tayal.,最重要的是要帶獵狗。,,,,,,,,,
390,4,4,mlux mʼaras su hoyin Tayal?,為什麼你要帶獵狗呢？,,,,,,,,,
391,4,4,"baha mcwa, hoyin Tayal ga kbaʼ rmow yaba bhiyow ʼsinuw.",因為獵狗可以幫爸爸追蹤獵物。,,,,,,,,,
392,4,4,lokah ci hoyin Tayal!,獵狗真厲害耶！,,,,,,,,,
393,4,4,pnbaʼ cka tuʼiy su nanak yaba ki!,爸爸路上要小心喔。,,,,,,,,,
394,4,5,te magan lpgan,第五課,,,,,,,,,
395,4,5,mkal na ppcbaʼ ro mrhow pcba,師生情誼,,,,,,,,,
396,4,5,"mrhow pcbaʼ , kyan ryax su kaxa?",老師，你後天有空嗎？,,,,,,,,,
397,4,5,"Yurow, kyan laluʼ yow su?",尤勞，有什麼事嗎？,,,,,,,,,
398,4,5,kaxa ga gaga Cmyan na alang ta.,後天是我們部落過新年，,,,,,,,,,
399,4,5,smogan cu mlawa isu mwah gmluw mʼes gaga Cmyan bih sali myan.,想邀請你到我家一起過新年，,,,,,,,,,
400,4,5,yaya mu ga nya lama kbaley mllamu na nniʼun ita Tayal!,我媽媽會準備好多好吃的泰雅美食！,,,,,,,,,
401,4,5,talagey! myasa ci wah!,哇！好棒喔！,,,,,,,,,
402,4,5,mwah cu ci baley.,我真的會去喔。,,,,,,,,,
403,4,5,"nanu yaca, ngon misu sali mu wah!",那我在家裡等你囉,,,,,,,,,
404,4,6,te tiyu lpgan,第六課,,,,,,,,,
405,4,6,snliʼ an na mtswe,手足之情,,,,,,,,,
406,4,6,"sswe Toli,kwe ga bnaʼiy mu giʼas na ʼyaya tsalan.",斗力弟弟，這是我新買的玩具，,,,,,,,,,
407,4,6,iyat su uwah soʼun mtisan knan.,你要不要跟我一起玩？,,,,,,,,,
408,4,6,"aw, suyan myasa ci isu.",好哇！哥哥你真好,,,,,,,,,
409,4,6,kyan giʼas na ʼyaya tsalan hknyun su knan ro gluw mtisan.,有新的玩具都會找我一起玩，,,,,,,,,,
410,4,6,"suyan Suyan, sswe Ipey iyat su mwah soʼun mtisan uy?",莎韻姐姐、依拜妹妹你們要不要也一起過來玩？,,,,,,,,,
411,4,6,kisa ki!,等一下哦！,,,,,,,,,
412,4,6,lmey mu row kmugus yunux Ipey.,我先幫依拜梳頭髮，,,,,,,,,,
413,4,6,babow nya laga.,之後，,,,,,,,,,
414,4,6,helow cu mwah kya.,我馬上過去那兒。,,,,,,,,,
415,4,6,helow haʼiy!,快點！,,,,,,,,,
416,4,6,laxiy cyamin bisyaʼ ci mnaga isu.,不要讓我們等你太久。,,,,,,,,,
417,4,7,te pitu lpgan,第七課,,,,,,,,,
418,4,7,oyat na Sali,幸福的家庭,,,,,,,,,
419,4,7,knbleʼan ci sali mu.,我的家庭真美好，,,,,,,,,,
420,4,7,sbley ci mkal kwara utux sali myan.,全家人都和樂相處。,,,,,,,,,
421,4,7,soʼun kwara utux sali myan ga oyat ci na ryax.,全家人在一起是我們最幸福的時刻，,,,,,,,,,
422,4,7,suyan mu mlikuy ga row tmuting turu yaba.,哥哥幫爸爸搥背，,,,,,,,,,
423,4,7,suyan mu knerin ro yaya ga nya tkbaʼ cinun pala.,姊姊跟媽媽學織布，,,,,,,,,,
424,4,7,sswe mu knerin ga kbaʼ mowas ro myugi.,妹妹會唱歌跳舞，,,,,,,,,,
425,4,7,"ana ga, nya cu syow kya slpuw mu pnʼyuwan.",而我在旁邊念故事給家人聽，,,,,,,,,,
426,4,7,"ro nya pungan cyoli, uyuk hoyin sali myan ga nya mtisan syow myan.",我們家的小狗就在我們旁邊玩耍。,,,,,,,,,
427,4,7,sliʼan mu sali mu.,我愛我的家,,,,,,,,,
428,4,7,mnglung cu nanak knan ga oyat ci baley.,我自己覺得我真的很幸福。,,,,,,,,,
429,4,8,te spat lpgan,第八課,,,,,,,,,
430,4,8,owas na laʼiy,童謠,,,,,,,,,
431,4,8,masuʼ myan kgabi laga.,吃完晚飯後，,,,,,,,,,
432,4,8,nya mowas utux owas na Tayal uba.,爺爺唱了一首泰雅歌謠，,,,,,,,,,
433,4,8,mnglung cu ga myasa ci pungan.,我覺得很好聽，,,,,,,,,,
434,4,8,"kmayal uba maha, haca ga owas na lmuhuw.",爺爺說那是古調，,,,,,,,,,
435,4,8,nya skayal yow na pnsgayan Tayal.,在描述泰雅族遷徙的歌。,,,,,,,,,
436,4,8,"Tegan mu nya mwah uya,",看見奶奶走過來，,,,,,,,,,
437,4,8,"plwanan mu uya pcbaʼ knan mowas kwe, anan ga innglung cu yihul ci tkbaʼan,nanu yaca,",我就請奶奶教我唱這首歌，,,,,,,,,,
438,4,8,"pʼutan mu uya maha kyan pwasan owas na laʼiy, gbun cu nya nya.",奶奶抱著我，,,,,,,,,,
439,4,8,"nya mowas"" ne, ne, ne ""ro tpakun nya turu mu.",一邊唱「ㄋㄟ、ㄋㄟ、ㄋㄟ」一邊拍我的背，,,,,,,,,,
440,4,8,"kyalun cu nya maha, yow na utux owas kwe ga owas na pʼabi laʼiy.",告訴我這是一首哄睡孩子的歌謠。,,,,,,,,,
441,4,8,nya si mowas uya.,奶奶唱著唱著，,,,,,,,,,
442,4,8,ro obih cu mʼabi la.,而我就快要睡著了，,,,,,,,,,
443,4,8,siga ini cu nya miku muyiy mu ga aki cu nya mabi baley la.,如果不是奶奶捏我大腿，我可能真的睡著了。,,,,,,,,,
444,4,9,te mesuw lpgan,第九課,,,,,,,,,
445,4,9,cpung keʼ an ro miru,語文競賽,,,,,,,,,
446,4,9,ryax soni ga utux kawas pcpung ke.,今天是一年一度的語文競賽，,,,,,,,,,
447,4,9,nya twun pnwasan laʼiy musa pcpung.,各校派出菁英一較高下，,,,,,,,,,
448,4,9,ana inu ga nya ta tegan kwara laʼiy mwah pcpung.,每個角落都能夠看到參加泰雅語演說競賽者，,,,,,,,,,
449,4,9,nya tkbaʼ naha nanak iyik na musa pcpung.,正把握住比賽前的最後一刻加強練習，,,,,,,,,,
450,4,9,"nya si sʼutux sngusan naha, ro nya sʼunan tkkoh na cnpngan.",專注的神情更讓整個比賽瀰漫緊張、刺激的氣氛。,,,,,,,,,
451,4,9,kahul kwara knlokah naha kilgal cpung kwe.,過程中每位參賽者都盡力發揮所長，,,,,,,,,,
452,4,9,"ana ga tmsuʼan cnpngan, kruma ga mʼesʼ, kruma ga tmsuʼan cnpngan.",雖然結果是幾家歡樂幾家愁，,,,,,,,,,
453,4,9,magal ʼnabu ga tpakey ta ʼba.,獲獎的我們給予掌聲，,,,,,,,,,
454,4,9,ini tekun cpngan naha ga ptnaʼiy msgsuw.,而對成績不理想的同樣給予鼓勵，,,,,,,,,,
455,4,9,psnon ta kyan myasa na cpngan babow kawas.,期待明年有更好的成績。,,,,,,,,,
456,4,9,kyan ke maha.,俗話說：,,,,,,,,,
457,4,9,"""lmaʼux ga ini tksyow. Ini agan ga ini hutow lungan""",「勝不驕，敗不餒。」，,,,,,,,,,
458,4,9,kwe ga sngus na pcpung kwe.,這本來就是比賽的宗旨。,,,,,,,,,
459,4,10,te mpuw lpgan,第十課,,,,,,,,,
460,4,10,lahuy na kntan miyuy,表演活動,,,,,,,,,
461,4,10,ryax soni ga lahuy nya skita knbwayan na pnbaʼan na yow Genzyumin.,今天是原住民族教育活動成果發表會，,,,,,,,,,
462,4,10,"knlayan naha ruma, miʼuy, ro wahing lhuyan haca.",會場用竹子、茅草、樹藤等材料佈置，,,,,,,,,,
463,4,10,nya msʼunan inlungan na Tayal lhuyan kya.,充滿了泰雅族的風格。,,,,,,,,,
464,4,10,Utux utux pnwasan ta biru ga ini ptnaʼ kwara ppiyan naha.,各學校展現不同的活動內容，,,,,,,,,,
465,4,10,"kyan yugi Tayal baley, ro lubuw tlbugan, ro owas Tayal.",有傳統舞蹈、器樂和歌謠等；,,,,,,,,,
466,4,10,ssyow lhuyan kya ga.,另外,,,,,,,,,
467,4,10,"nya cyan pala cnunan naha micu ro lela ,ro kyan takil mraʼan ta",周邊陳列許多原住民兼具傳統及現代的織品、尚有非常使用的藤編器具，,,,,,,,,,
468,4,10,nya mwah mita kwara cyoli ga thyayun naha kbaʼ ro cmi lungan gaga na Tayal.,參觀的人可以瞭解與欣賞泰雅文化。,,,,,,,,,
469,4,10,tmsuʼan miyuy laga.,表演完之後，,,,,,,,,,
470,4,10,kahul mrhuw mwah rmow msgsuw cyamin ro hngyang ʼba tpakan naha ga.,我們從來賓的勉勵及觀眾的掌聲中，,,,,,,,,,
471,4,10,hknbaʼ myan nya myasa ci ppiyan myan.,知道我們表現得很好，,,,,,,,,,
472,4,10,mʼes myan mnglung.,我們覺得很高興。,,,,,,,,,
473,4,11,te mpuw utux lpgan,第十一課,,,,,,,,,
474,4,11,lahuy na lmpuw biru,閱讀活動,,,,,,,,,
475,4,11,biru kwe ga myasa ci na lpyung mu.,書是我最好的朋友，,,,,,,,,,
476,4,11,khu biru na pnwasan ga kyan mllamu na biru.,學校的圖書室有各式各樣的書籍，,,,,,,,,,
477,4,11,"Kyan biru pʼiyu laʼiy, kya biru yow na ʼsinuw, kyan biru yow na ʼcyux.",有童話故事、動物百科、海底世界等，,,,,,,,,,
478,4,11,ana knwan ga baʼun ta ksyuw mita.,我們可以隨時去借閱，,,,,,,,,,
479,4,11,knan ga biru pntas sliʼan mu mita.,而我最喜歡的就是繪本。,,,,,,,,,
480,4,11,mybuw sasan lmpuw nyan biru pnwasan ga.,學校的晨間閱讀,,,,,,,,,
481,4,11,iwan nya cu hkangi cka na nya sʼunan biru na cinbwan kya.,讓我漫遊在書香的世界中，,,,,,,,,,
482,4,11,lmpuw myan biru gkuw mu ga pssyugan myan kmayan pnʼas na lpgan myan biru.,班級閱讀讓我們彼此分享閱讀的樂趣。,,,,,,,,,
483,4,11,lpuw biru ga baʼun tmwang mʼuluw na tninun.,閱讀可以豐富我們的生命，,,,,,,,,,
484,4,11,"tkbaʼ ta mnglung, tkbaʼ cmi lungan cyoli ro sbaley yow ro tmwang knbaʼan.",讓我們學會思考、學習做人處事的道理及增廣見聞，,,,,,,,,,
485,4,11,siga lpuw ta biru krryax ga.,如果我們天天落實閱讀活動，,,,,,,,,,
486,4,11,aki ta musa piyux ci knbaʼan na mʼcyoli la.,我們一定可以成為有學問的人。,,,,,,,,,
487,4,12,te mpuw saʼing lpgan,第十二課,,,,,,,,,
488,4,12,mnank tkbaʼ an klayanʼ bana pnwasan biru,學校藝文特色,,,,,,,,,
489,4,12,nya ksobih rgyax ro syow gong.,依山傍水，,,,,,,,,,
490,4,12,bley ci suna.,空氣新鮮，,,,,,,,,,
491,4,12,knlayan na pnwasan biru Tayal ga myasa ci.,泰雅校園精緻優美，,,,,,,,,,
492,4,12,"tkbaʼan ta piyuy, tkbaʼan ta owas, lmpuw ta biru, ana nanu ga maki kwara.",體育、音樂、讀書聲樣樣來，,,,,,,,,,
493,4,12,"mrhow pcbaʼ, nya tkbaʼ biru ga nya si mʼes mʼyanux.",老師、學生都快樂的生活！,,,,,,,,,
494,4,12,nya msuʼun mllamu mnanak na gaga kahul rnuruw na pnwasan.,學校發展文化特色多元而豐富，,,,,,,,,,
495,4,12,"kyan tlbugan, msoʼun mowas, kbaley syan olu, cminun yaya wani, cminun pala Tayal.",有器樂、合唱、串珠、藤編、織布等,,,,,,,,,
496,4,12,nweykilgan na nya tkbaʼ biru laʼiy Tayal ga.,願每個泰雅孩子都能在求學的過程中，,,,,,,,,,
497,4,12,aki naha baʼun tkbaʼ kwara gaga na Tayal.,學習自己族群的文化活動，,,,,,,,,,
498,4,12,tyaba laga aki musa cyoli na tayal baley.,長大之後成為真正的泰雅人。,,,,,,,,,
499,5,1,te utux lpgan,第一課,,,,,,,,,
500,5,1,alang mu,我的部落,,,,,,,,,
501,5,1,myasa ci knkyan Nangogo.,南澳鄉是個好地方。,,,,,,,,,
502,5,1,alang Iyu ga kyan ʼsya cbʼey.,東澳部落有湧泉，,,,,,,,,,
503,5,1,alang Kbabow ga kyan Zingzya.,南澳部落有神社，,,,,,,,,,
504,5,1,alang Pyahow ga kyan ʼsya kilux.,碧候部落有溫泉，,,,,,,,,,
505,5,1,alang ropwe ga kyan tgli.,金岳部落有瀑布，,,,,,,,,,
506,5,1,alang Buta ga kyan hongu snyan naha lalu Sayan.,武塔有紀念莎韻的橋，,,,,,,,,,
507,5,1,alang Kngyan ga kyan bcilung tlak.,金洋有神祕湖，,,,,,,,,,
508,5,1,alang Rgayung ga kyan utux tyaba na khoni kinus.,澳花有棵大樟樹。,,,,,,,,,
509,5,1,"ana su gmluw kisya, iyat ga gmluw su turey nanak.",你可以搭火車自行開車，,,,,,,,,,
510,5,1,uwah mita llahuy ro llyung alang myan.,來欣賞我們擁有青山綠水的部落。,,,,,,,,,
511,5,2,te saʼing lpgan,第二課,,,,,,,,,
512,5,2,khulan na ita Tayal,我泰雅人的發源地,,,,,,,,,
513,5,2,tipik cu na ga.,小時候，,,,,,,,,,
514,5,2,pungan mu ke na bnkis krryax maha:,常聽長輩說：,,,,,,,,,
515,5,2,knhulan na ita Tayal hiya ga kahan ta bih na Pinsbkan.,我們泰雅族人的發源地是來自於瑞岩，,,,,,,,,,
516,5,2,"knahun utux tyaba btunux kya, mhtuw kya utux likuy ro utux nerin.",是從一個巨大石頭中崩出一對男女，,,,,,,,,,
517,5,2,naha hiya ga bnkisan na ita Tayal.,他們就是我們泰雅族人的祖先。,,,,,,,,,
518,5,2,babow nya laga.,後來，,,,,,,,,,
519,5,2,"baha mcya, mbhoyow ro khmey Tayal.",由於族人成長越來越多，,,,,,,,,,
520,5,2,ro ini tnaʼ urow kkyan ta uy la.,居住的土地也不多，,,,,,,,,,
521,5,2,"nanu yaca ga, tʼaring tbcyan.",於是族人就開始分散，,,,,,,,,,
522,5,2,ro musa hkani myasa kkyan naha alang.,去尋找適合居住的地方，,,,,,,,,,
523,5,2,kwe ga yow na khulan na ita Tayal.,這就是泰雅人發源地的由來。,,,,,,,,,
524,5,3,te tugan lpgan,第三課,,,,,,,,,
525,5,3,mnanak phgup na Tayal,泰雅族的特殊醫療,,,,,,,,,
526,5,3,"kyan mllamu, ini ptnaʼ gaga na musa phgup ita Tayal.",泰雅族有各種不同的傳統醫療方法，,,,,,,,,,
527,5,3,mnanak ga craʼan bih tari nya bnʼuy mwah phgup.,特別是施醫者用膝蓋夾住箭竹筷，,,,,,,,,,
528,5,3,"rp cyan lluw bnʼuy kya crayan haca.,",將珠子放置其前端，,,,,,,,,,
529,5,3,"ro tegan ta mhut, owiyat ga,",看珠子落下與否，,,,,,,,,,
530,5,3,ini hutow cryanan haca.,可以向祖靈探問患者是何種病因？,,,,,,,,,
531,5,3,"paʼut lutux bnkis ta, laluʼ gaʼin nya haca?",問此病因是否會痊癒？,,,,,,,,,
532,5,3,"siga, miyuy cryanan ro ini hutow ga iwan aw ci lalu na gaʼin pʼutan naha lutux bnkis.",如果珠子跳動沒掉落，,,,,,,,,,
533,5,3,nanu yaca musa nya phgupan mgaʼin haca.,表示所探問的病因是正確的。,,,,,,,,,
534,5,3,"kruma ga pngsa naha biyak,",就要進一步治療患者，,,,,,,,,,
535,5,3,"iyat ga, skut naha welung.",有的獻豬或殺雞，,,,,,,,,,
536,5,3,babow nya laga baʼun kbaley yow.,過後才能消災解厄，,,,,,,,,,
537,5,3,ro sina klokahna hi.,祈求健康，,,,,,,,,,
538,5,3,kwe ga mnanak ci yow na phgup.,此傳統醫療方法最為特殊。,,,,,,,,,
539,5,4,te payat lpgan,第四課,,,,,,,,,
540,5,4,pʼasan ryax na kluh Tayal,泰雅族慶豐收,,,,,,,,,
541,5,4,"utux kawas, tiyu byating ga kluh lmyun",南澳泰雅族人每年六月採收小米，,,,,,,,,,
542,5,4,mpuw byating ga kluh pagey.,十月收割稻穗。,,,,,,,,,
543,5,4,iyik na kluh ga.,農作物豐收前，,,,,,,,,,
544,5,4,gaga utux bbwan ga mʼotu ro lmon mkayal yow kwara.,同一家族大家聚集在一起討論豐收預備事項，,,,,,,,,,
545,5,4,mlikuy ga musa luyak.,男人去打獵，,,,,,,,,,
546,5,4,knerin ga lmon kbley niʼun ro kbley uwow.,女人準備食物、釀酒，,,,,,,,,,
547,5,4,ini hmiri gaga kwara naha.,每個人都不能做出違反禁忌的事，,,,,,,,,,
548,5,4,kya haʼiy utux byating klhangan naha.,期間一個月左右，,,,,,,,,,
549,5,4,siga beta tmsuʼan klhangun naha gaga na knluh ke.,直至舉行收割儀式結束為止。,,,,,,,,,
550,5,4,masuʼ naha kmluh laga.,收割儀式之後，,,,,,,,,,
551,5,4,galun naha kwara nniʼan.,拿出所有的食物，,,,,,,,,,
552,5,4,ro kwara Sali ro gluw ga.,家家戶戶及賓客，,,,,,,,,,
553,5,4,mwah soʼun mani .,一同用餐，,,,,,,,,,
554,5,4,ro soʼon mowas ro miyuy.,一同歡唱及跳舞，,,,,,,,,,
555,5,4,paʼsan naha knʼowiy utux kawas.,慶祝一年的辛勞。,,,,,,,,,
556,5,5,te magan lpgan,第五課,,,,,,,,,
557,5,5,sayasing na psʼ utux suyan mu knerin,姊姊的結婚照片,,,,,,,,,
558,5,5,kuʼing ga kyan utux sayasing na psʼutux na suyan mu knerin.,我有一張姐姐的結婚照，,,,,,,,,,
559,5,5,"cka kya, nya plukus lukus mlabuw ga suyan mu knerin.",中間穿白紗衣、長頭髮的是我姐姐，,,,,,,,,,
560,5,5,plukus mkalux syebiroʼ ga yaney mu.,穿黑色西裝的是我姊夫。,,,,,,,,,
561,5,5,plukus lukus lmwan ro ini kʼyamil haca ga uba mu.,穿泰雅長衣跟打赤腳的是我爺爺，,,,,,,,,,
562,5,5,nya panga sswe mu mlikuy haca ga uya mu.,背我弟弟的是我奶奶，,,,,,,,,,
563,5,5,nya syow suyan mu knerin ga yaba ro yaya mu.,姊姊旁邊是我的爸爸和媽媽，,,,,,,,,,
564,5,5,nya suruw haca ga suyan mu mlikuy ro sswe mu knerin.,後面是我的哥哥和妹妹，,,,,,,,,,
565,5,5,mlabuw ro kthowey cyu gleng haca ga kuʼing.,前排白白胖胖的就是我。,,,,,,,,,
566,5,6,te tiyu lpgan,第六課,,,,,,,,,
567,5,6,mrhow na srow alang,為部落服務的人,,,,,,,,,
568,5,6,"klhangan alang na ita Tayal bih llyung Klesan,",南澳泰雅人的社會，,,,,,,,,,
569,5,6,mrhrow ga mwah gleng mkayal kwara yow na utux alang ta lela.,過去是部落領袖引導族人商議各項事務。,,,,,,,,,
570,5,6,skahul pʼyuw klhangan alang ro.,由於社會的變遷，,,,,,,,,,
571,5,6,"utux utux palang ta bih Naogoga micu, soncyo, rayhyo, gocyo, giying.",目前南澳鄉的村長、代表、鄉長、議員等，,,,,,,,,,
572,5,6,kahul htgun na gnwayow ta kwara.,都是透過選舉制度產生，,,,,,,,,,
573,5,6,ro mubuy rmow yow alang ro ita Tayal.,繼續為部落於族人服務，,,,,,,,,,
574,5,6,"nanu yaca, kahul sʼehu mwah smungus ro rmuruw yow na bhoyow alang ta.",並且經由政府部門來規劃與推動部落發展的工作。,,,,,,,,,
575,5,6,nanak pntyagan na tnu sehuy.,除了公職人員之外，,,,,,,,,,
576,5,6,"alang kya ga kyan bokusi na Kyokay,",部落中還有教會牧師、,,,,,,,,,
577,5,6,"sinsi kesacu, phgup ro klahang nya mgaʼin, nya mtiyow gokosyo uy...,",老師、警員、醫生、護理人員、還有鄉公所員工...等，,,,,,,,,,
578,5,6,soʼon mwah gmalu yow alang ta.,共同關心部落事務。,,,,,,,,,
579,5,7,te pitu lpgan,第七課,,,,,,,,,
580,5,7,nniʼ an na Tayal,泰雅族的食物,,,,,,,,,
581,5,7,"cka na ʼnxan Tayal,",在泰雅族的生活中，,,,,,,,,,
582,5,7,"musa mluyak rgyax, kmiyap ʼcyux, kmut rami ga gaga na twang ta nniʼan.",到山上狩獵、漁獵及採集是主要獲取飲食的方法。,,,,,,,,,
583,5,7,kwara kniyap ta ʼsinuw kwe ga.,在我們所捕捉的動物中，,,,,,,,,,
584,5,7,"kyan para, biyak, mit ro yapit.",有山羌、山豬、山羊和飛鼠等；,,,,,,,,,
585,5,7,"kwara ʼcyux ga kyan ʼcyux Tayal, bangus, kalang ro bolung.",魚類方面有苦花、和尚魚、絨額青毛蟹和蝦子；,,,,,,,,,
586,5,7,"rami knutan ta ga kyan wasiʼ, tana, pori waniʼ,kryuhing ro yahow.",採集的野菜有龍葵、食茱萸、黃藤心、山蘇和山茼蒿等。,,,,,,,,,
587,5,7,"ana ga , ini ta hmut musa mluyak ro kmut rami,",但是我們不可隨意狩獵或採集，,,,,,,,,,
588,5,7,siga klhangan ta gaga na nnʼan kwe.,必須要遵守採集食物的規定，,,,,,,,,,
589,5,7,kkyan ro uyuk na ʼsinuw ga ini kyapiy.,有身孕和幼小的動物不可抓，,,,,,,,,,
590,5,7,kmut rami ga ini hbyatiy puʼing nya.,採集野菜時不可連根拔起，,,,,,,,,,
591,5,7,"nanu yaca, musa si mbhoyow kwara ʼsinuw ro kwara khoni.",這樣動植物才能永續。,,,,,,,,,
592,5,8,te spat lpgan,第八課,,,,,,,,,
593,5,8,khangey ta hlahuy ro rgyax,珍惜山林,,,,,,,,,
594,5,8,"Tayal ga nya ta myanux cka na hlahuy ro rgyax,",泰雅族人是生活在山林中，,,,,,,,,,
595,5,8,slura ita kara kbleʼan na cinbwana ga bleʼun ta mʼagal ro klhangan ta.,對於大自然所賦予的一切，都會好好利用與珍惜，,,,,,,,,,
596,5,8,pcʼrux inlungan Tayal.,造就了泰雅族人的意念，,,,,,,,,,
597,5,8,ro kbaʼ cmi lungan cinbwana.,為大自然產生敬畏的心，,,,,,,,,,
598,5,8,sbhoyow ro ini puyut tninun na Tayal.,使族群生命生生不息。,,,,,,,,,
599,5,8,skahul sʼehu ro ita hmut hmiri urow ro hmut kmihuy urow.,由於政府與我們對於土地的破壞及過度開挖，,,,,,,,,,
600,5,8,mwalax laga holun kwara urow.,大雨之後形成土石流，,,,,,,,,,
601,5,8,ro wayal hriʼun kwara hlahuy ro rgyax knkyan ta.,我們所生活的山林遭致空前的破壞，,,,,,,,,,
602,5,8,nya kyupan ʼsya tanux sali ro sluhiy suruw sali uy.,形成了我家門前進了水，家後面也山崩。,,,,,,,,,
603,5,8,"nanu yaca,",因此，,,,,,,,,,
604,5,8,kahul inlungan musa ta sulung myasa hkngyan na bnkis ta mlahing hlahuy ro rgyax.,我們要從心中效法祖先的美德，能夠愛護大自然與土地，,,,,,,,,,
605,5,8,sbil ta laʼiy knbahan myasa na knkyan naha.,留給我們的子子孫孫美好的生活環境。,,,,,,,,,
606,5,9,te mesuw lpgan,第九課,,,,,,,,,
607,5,9,pcpung ta ima lokah,比一比誰厲害,,,,,,,,,
608,5,9,"utux utux kawas cpngan ta Unrokay wa masuʼ soni,",一年一度的運動會剛結束，,,,,,,,,,
609,5,9,"nyu suruw cnpngan nya,",成績如後：,,,,,,,,,
610,5,9,"helow ci mtenah Yukan hiya,",尤幹跑步跑得快，,,,,,,,,,
611,5,9,cpngan tenah utux kbhul ga mpuw payat knhelow nya.,100公尺他跑了14秒；,,,,,,,,,
612,5,9,bawi ci cpngan skotung Sayun hiya.,莎韻跳高跳的高，,,,,,,,,,
613,5,9,utux meta ro tiyul magan cpung bawi nya.,成績為1公尺35公分；,,,,,,,,,
614,5,9,theyaʼci stongan na Ciwas kwe.,吉娃斯跳遠跳最遠，,,,,,,,,,
615,5,9,payat meta pusan spat stongan nya.,跳出4公尺28公分；,,,,,,,,,
616,5,9,cpngan rmuruw boru hiluy Asaw ga.,阿紹推鉛球比賽，,,,,,,,,,
617,5,9,mpuw saʼing meta pitu pgan cpung rnuruw nya.,一擲就推出12公尺70公分,,,,,,,,,
618,5,9,ro wa nya hnyasun cpngan lela.,破大會紀錄的成績。,,,,,,,,,
619,5,9,"cpangan unrokay, nanak mwah slokah hi,",運動比賽除了讓我們身體健康、,,,,,,,,,
620,5,9,"baʼun ta musa slpyung uy,",我們也可以結交好朋友，,,,,,,,,,
621,5,9,ro tmwang sʼutux inlungan ta.,及增進團隊精神，,,,,,,,,,
622,5,9,pʼaras pnaʼsan ta uy.,並帶給我們歡樂。,,,,,,,,,
623,5,10,te mpuw lpgan,第十課,,,,,,,,,
624,5,10,pʼasan na tkbaʼ an klkah boru,快樂的足球課,,,,,,,,,
625,5,10,klkah boru ga sliʼan ci na miyuy nya myan gluw mowas kwe.,足球運動是我們班上最喜歡的運動，上課的時候，老師讓我們分兩隊進行比賽。,,,,,,,,,
626,5,10,kilgal na cpngan klkah boru kya.,在比賽足球的過程中，,,,,,,,,,
627,5,10,"Yohaw ga lhngat hi nya ro helow ci ʼba nya, me boru Piling.",尤浩身手矯健將球傳給比令，,,,,,,,,,
628,5,10,Piling ga stating nya boru tunux nya me Bilyen.,比令用球頂給比建，,,,,,,,,,
629,5,10,magan boru Bikyen laga sʼyaʼyan nya tugan cyoliʼ.,比建接到球之後，連閃了三人，到球門前，,,,,,,,,,
630,5,10,ro beta glen cabu bwan boru kya ga.,當他起腳射門時，,,,,,,,,,
631,5,10,ima kbaʼ wa ngatan Hara.,沒想到被哈啦攔截，,,,,,,,,,
632,5,10,lokah klkahan na Hara boru ro biʼan nya Wutan cyu bih llow.,哈啦一個大腳將球傳給右翼的瓦旦，,,,,,,,,,
633,5,10,Watan ga shtuy nya skutow boru laga.,瓦旦用胸前挺球之後，,,,,,,,,,
634,5,10,skura suruw hi ro skotung ro klkah boru.,一個轉身用倒掛金鉤的方式,,,,,,,,,
635,5,10,wa si miyap ro msgaliʼ cabu bwan haca ro wa magan cpngan.,直接射門破網得分。,,,,,,,,,
636,5,10,trang nya mʼes ci tmapak ʼba kwara ga.,正當大家都歡呼拍掌的時候，,,,,,,,,,
637,5,10,tmsuʼan cpngan uy la.,比賽時間也到了，,,,,,,,,,
638,5,10,gluw myan lmaʼux cpngan klkah boru kwe.,我們這一組就贏了這場比賽。,,,,,,,,,
639,5,11,te mpuw utux lpgan,第十一課,,,,,,,,,
640,5,11,cpngan tkbaʼ an ro piying,傳統技能比賽,,,,,,,,,
641,5,11,pilow ga mnasuʼ cpngan tkbaʼan ro piying ita Nannnggo utux kawas hani.,前天南澳鄉完成了一年一度的傳統技能競賽，,,,,,,,,,
642,5,11,"piyux ci cpngan na yow,",比賽項目很多，,,,,,,,,,
643,5,11,"kyan pcpung cbwan ta slaʼiy, pcpung mbheyow biyak,",有射箭、追山豬、,,,,,,,,,
644,5,11,"pcpung srhyen khoniʼ, pcpung cmxu rhkey,",鋸木頭、搗糯米、,,,,,,,,,
645,5,11,"pcpung kbaley token, pcpung cminun pala,",藤編、編織、,,,,,,,,,
646,5,11,pcpung cpngan inbuyan pnangan ro pcung myugi na Tayal...,負重接力及泰雅的舞蹈比賽...。,,,,,,,,,
647,5,11,"muʼ slaʼiy ga nya cpung mecyuh,",射箭是比準確度，,,,,,,,,,
648,5,11,"mbheyow biyak ga nya cpung knyusuw,",追山豬比的是重量，,,,,,,,,,
649,5,11,"rmhyen khoniʼ ga nya pcpung knhelow,",鋸木頭比的是速度，,,,,,,,,,
650,5,11,"cmxu rhkey ga nya pcpung knapah nya,",搗糯米比的是它的黏度，,,,,,,,,,
651,5,11,"kbaley token ga nya pcpung thrhow nya,",藤編比的是牢靠，,,,,,,,,,
652,5,11,"cminun pala ga nya pcpung tuʼiy pnatas nya,",編織比的是圖紋與色彩，,,,,,,,,,
653,5,11,"pnaaga pnagan ga nya pcpung knhelow nya,",負重接力比的是速度，,,,,,,,,,
654,5,11,"myugiy ga nya pcpung shiyu, kntan ro sngusan nya.",而舞蹈表演要求的是整齊、創意與舞蹈內涵。,,,,,,,,,
655,5,11,"kahul rnow na utux utux alang,",在各村踴躍的參與下，,,,,,,,,,
656,5,11,"pscpung kwara alang,",大家相互競技，,,,,,,,,,
657,5,11,"pkita pisa piying,",展現了各自的實力，,,,,,,,,,
658,5,11,"iyat nanak mʼubuy tkbaʼan ro piying na Tayal,",不但延續了泰雅族傳統的技藝，,,,,,,,,,
659,5,11,nya kita knbleʼan ro knmyasa yow na Tayal.,也表現了我們泰雅人引以為傲的力與美。,,,,,,,,,
660,5,12,te mpuw saʼing lpgan,第十二課,,,,,,,,,
661,5,12,lokah ci laʼiy Tayal,泰雅小孩真厲害,,,,,,,,,
662,5,12,nanak kyan tkbaʼan cnyan pnwasan ta biru ga.,泰雅族的學校除了正式課程外，,,,,,,,,,
663,5,12,kyan binah mllamu tkbaʼan ta rnuruw naha uy.,也推展了許多特色課程，,,,,,,,,,
664,5,12,"giwan, kyan tpikit, muʼ slaʼiy, kya myugiy, klayan khoniʼ, cminun pala,",如：柔道、射箭、舞蹈、木雕、編織、,,,,,,,,,
665,5,12,"kbaley syan olu, cminun takin, kyan lubuw, kyan lubuw ttingan khoni.",串珠、藤編、口簧琴、木琴等等。,,,,,,,,,
666,5,12,"sngusan tkbaʼan ta ga nya mʼubuy gaga, ro mnanak kblayan na ʼba,",特色課程的目的在文化、藝能的傳承，,,,,,,,,,
667,5,12,"kahun ʼyaya ro pila rnow na alang ta,",透過社區人力與物力資源的協助，,,,,,,,,,
668,5,12,"tmwang yow na tkbaʼab kwara laʼiy,",豐富學生的學習的內容，,,,,,,,,,
669,5,12,musa mʼTayal naha bobow nya.,成為真正的泰雅人。,,,,,,,,,
670,5,12,"oyat ci baley laʼiy na Tayal,",泰雅小孩真幸福，,,,,,,,,,
671,5,12,"baʼun tkbaʼ mnanak sungus na tkbaʼ an naha,",可以學習多元的課程內容，,,,,,,,,,
672,5,12,"iyat nanak ubuy gaga kblayan ta ʼba,",不但延續泰雅族傳統藝能，,,,,,,,,,
673,5,12,"twang mʼulu na ʼnxan,",豐富生活的內涵，,,,,,,,,,
674,5,12,twang knbleʼan na knbaʼan.,也增加藝術的氣息。,,,,,,,,,
675,6,1,te utux lpgan,第一課,,,,,,,,,
676,6,1,hnkngyan sgayan na alang,部落遷徙,,,,,,,,,
677,6,1,"wayal lela,",很早以前，,,,,,,,,,
678,6,1,"knaki alang ta lela kwara bnkisan ta ita utux llyung Klesan,",我們南澳群泰雅人的祖先定居在舊部落，,,,,,,,,,
679,6,1,luyak ro pʼumah ga sʼyanux ita.,大家過著狩獵及耕種的生活。,,,,,,,,,
680,6,1,"babow nya tekun knhangan Nipun laga,",後來日本人統治後，,,,,,,,,,
681,6,1,"baha mcya nglung maha baʼun naha mwah klahang ita ro,",為了管理方便，,,,,,,,,,
682,6,1,piyux baley ita Tayal ga inpxan nya huley ita Tayal mwah alang ta micu.,族人陸陸續續被迫遷徙到現在的部落。,,,,,,,,,
683,6,1,"ʼringan ci mwah biyak ga alang Iyu,",最先遷下來的是東岳部落，,,,,,,,,,
684,6,1,"suruw laga alang Rgayung, ro alang Ropwe, alang Pyahow, ro alang Cingan.",接著是澳花部落、金岳部落、金洋部落、碧候部落、南澳部落，,,,,,,,,,
685,6,1,"suruw nya knhagan Sehu Kokominto laga,",後來國民政府接收後,,,,,,,,,
686,6,1,"rasun naha alang micu alanga Buta, ro alang Haga paris,",又將武塔部落及溫泉巷的居民遷下來，,,,,,,,,,
687,6,1,"kwara cyoli ita utux llyung Klesan ga si ta kaki kiʼan ta micu la,",全鄉的人就在這裡定居。,,,,,,,,,
688,6,1,"kruma ga wa msgyan bih alang Stacis micu,",但有部分在日據時代遷徙到現今的寒溪部落，,,,,,,,,,
689,6,1,alang ta lela laga ini kiyiy cyoil uy la.,舊部落就再也沒人居住了。,,,,,,,,,
690,6,2,te saʼing lpgan,第二課,,,,,,,,,
691,6,2,gaga snhi Lutux Tayal,泰雅族的信仰,,,,,,,,,
692,6,2,"Lutux Tayal ga gaga na smʼutux ta ita Tayal,",泰雅族是以敬畏祖靈為傳統的信仰，,,,,,,,,,
693,6,2,"knitan ta ita Tayal ga Lutux bnkis ta hiya pklahang kwara cinbwanan,",認為祖靈為宇宙的主宰，,,,,,,,,,
694,6,2,hiya ga puʼing miʼ myasa ro phow uy.,一切禍福的源頭。,,,,,,,,,
695,6,2,nanak mʼniyat baley ro mshiyu namlikuy ro knerin ga musa knhangn na Lutux bnkisan Tayal.,只有勤奮正直的男女，才能夠受到祖靈的庇佑。,,,,,,,,,
696,6,2,"yaca nya, cyoli Tayal aring laʼiy cipik ga aki gmluw snrhuw ke na bnkisan,",所以泰雅族人自小就遵從祖先訓示，,,,,,,,,,
697,6,2,mhut kkayal nya ro slungan tiyow nanak.,規範自己的言行舉止。,,,,,,,,,
698,6,2,"trang hntgan yow yihul ro ini baʼiy mtumow kbaley cka na alang ga,",當部落中發生無法解決的事情，,,,,,,,,,
699,6,2,"ita Tayal ga skahul ta scyus na pphgup mwah pnbaʼ yow,",泰雅族人會藉由占卜施醫者來問卜，,,,,,,,,,
700,6,2,"ro ʼulu inlungan na Lutux bnkisan ta, mwah huluy ʼsan ta,",獲取祖靈的旨意指引族人，,,,,,,,,,
701,6,2,"babow ryax laga skut biyak ro hwayan naha Lutux bnkisan ro howey naha pphgup,",事後更要殺豬酬謝祖靈和巫醫，,,,,,,,,,
702,6,2,suruw lwey ga sʼasuw msoʼun maniʼkwara Tayal lwey.,再由族人共同享用。,,,,,,,,,
703,6,3,te tugan lpgan,第三課,,,,,,,,,
704,6,3,gaga cnʼ unan na Tayal,泰雅族的婚姻習俗,,,,,,,,,
705,6,3,"knbaʼan ita Tayal, mlikuy ga siga kbaʼ mluyak,",泰雅族認為男生要學會打獵，,,,,,,,,,
706,6,3,"knerin ga siga kbaʼ cminun ro pʼumah,",女生要學會織布及耕作，,,,,,,,,,
707,6,3,yhe ga yow na kilgan mtayil gaga na mʼcyoli.,這些是邁向成年過程的基本條件。,,,,,,,,,
708,6,3,"utux mlikuy Tayal,",當一位泰雅男人，,,,,,,,,,
709,6,3,"trang sliʼan utux knerin laga,",喜歡上一位女人時，,,,,,,,,,
710,6,3,"siga plwanan naha bnkis musa smiyey,",必須請長輩出面提親，,,,,,,,,,
711,6,3,ngan naha beta smwal Sali psʼlikuy laga ana skut biyak psʼnerin lmomn kbaley sapat mnaga uwah gmluw maniʼ.,等到女方長輩同意後，男方就可以殺豬，宴請兩方的親人，,,,,,,,,,
712,6,3,"tunux biyak ro guys biyak ga si naha sʼunun thapuy ro soʼun mani kwara,",豬的頭和豬腸子當場烹煮一起分享，,,,,,,,,,
713,6,3,"sapat biyak ga tbcyan miʼ gluw na ina naha,",而豬肉則均分給女方親屬，,,,,,,,,,
714,6,3,yhe ga gaga na smiyey Tayal.,這就是泰雅族提親的文化。,,,,,,,,,
715,6,4,te payat lpgan,第四課,,,,,,,,,
716,6,4,pntyagan ro inʼ nyuxan,工作和生活,,,,,,,,,
717,6,4,"gaga sʼyanux ita Tayal,",早期泰雅族的生活方式,,,,,,,,,
718,6,4,"spiyang nya ga gaga luyak,",以打獵、捕魚和耕種為主。,,,,,,,,,
719,6,4,kiyap ʼcyux ro pʼumah ga mwah sʼyanux ita Tayal leha.,由於社會變遷與進步，,,,,,,,,,
720,6,4,"knahu pʼyuwan ro pbhuyow cinbwanan ro rnuruw mbhuyow kwara mllamu na pntyagan alang ta,",以帶動部落各行各業的發展，,,,,,,,,,
721,6,4,nya mgiʼas pkita nanak na inkyasan alang ta.,呈現部落欣欣向榮的面貌。,,,,,,,,,
722,6,4,"babow ryax masuʼ tiyow ga,",在工作之餘，,,,,,,,,,
723,6,4,"stwang ta myasa na ʼyanux ta,",為了讓生活更有品味，,,,,,,,,,
724,6,4,"lwara cyoli alang tag a nya tʼaring cmi lungan ryax na hngaan ta uy,",部落人開始注重休閒生活，,,,,,,,,,
725,6,4,"skura yow na ʼyanux ta ga cyan ci inlungan uy,",對於生活環境的要求也相當重視，,,,,,,,,,
726,6,4,"psinun mu, nwey galan pslungan yow na bbisan ro pkita gaga Tayal ro halan naha hngawan kya.",期望讓部落成為具有休閒觀光的文化產業據點和典範。,,,,,,,,,
727,6,4,"ana maha nanu pnʼyuwan cinbwana,",不論社會怎樣變遷，,,,,,,,,,
728,6,4,"ita skura gaga na tyagan ta ro gaga na inʼyanux ta Tayal ga inbuyan ta,",我們對於泰雅人的傳統與生活模式予以延續，,,,,,,,,,
729,6,4,yaca iyat ta tbah scayux mita kwara laʼiyknbahan ita Tayal.,才不愧為泰雅的子民。,,,,,,,,,
730,6,5,te magan lpgan,第五課,,,,,,,,,
731,6,5,ini tnaʼ mlikuy ro knerin,男女不同,,,,,,,,,
732,6,5,"hntgan Tayal laga,",泰雅族人出生後，,,,,,,,,,
733,6,5,"sʼasan naha ryax hntgan na laʼiy bku haca,",會為嬰兒舉行慶生禮，,,,,,,,,,
734,6,5,"sʼas mlahuy kwara gkuw,",親屬歡聚一堂，,,,,,,,,,
735,6,5,"ro slalu naha lalu laʼiy bku,",為嬰兒命名，,,,,,,,,,
736,6,5,"maki gaga cni lalu,",有一定的規範，,,,,,,,,,
737,6,5,"knerin ro mlikuy ga ini tnaʼ cnyan naha lalu,",男女有別，,,,,,,,,,
738,6,5,"lalu mlikuy Tayal ga mbhuyow, shiyu yow nya.",泰雅族男性的名字，都會朝壯大正直的意涵，,,,,,,,,,
739,6,5,lalu knerin ga mrimuy ro myasa cnʼunan yow lalu naha.,而女性則強調美麗出生與手藝精巧之涵義來命名。,,,,,,,,,
740,6,5,"tyaba mlikuy laga musa nya baʼun kwara gaga na luyak,",男生長大後，必須學會狩獵的技巧，,,,,,,,,,
741,6,5,"ro mtama mrhow pangan yʼsuw pntygan,",並承擔家中粗重的工作，,,,,,,,,,
742,6,5,"tyaba knerin laga,",女生長大後，,,,,,,,,,
743,6,5,"musa nya baʼun kwara yow na cinun,kbaʼ pʼumah, kbaʼ sʼayat ʼmayat ra mlahang laʼiy.",要會織布、耕種、畜養家畜和照顧子女，,,,,,,,,,
744,6,5,"tbcyan rmow yow na Sali mlikuy ro knerin,",男生和女生共同分擔家中事務，,,,,,,,,,
745,6,5,"pnkita tyagan naha nanak,",各司其職，,,,,,,,,,
746,6,5,nwey knbleʼan ci sali naha.,使家庭更美滿。,,,,,,,,,
747,6,6,te tiyu lpgan,第六課,,,,,,,,,
748,6,6,lnhuyan rmowʼ nxan Tayal,為民服務的機構,,,,,,,,,
749,6,6,"knlahang na Nanngogow micu, nanak pnʼwasan biru ga.",在南澳鄉除了學校之外，,,,,,,,,,
750,6,6,"maki binah lhuyan na mwah rmow ʼnxan Tayal uy,",還有其他為民服務的機構，,,,,,,,,,
751,6,6,"yani na Gokosyo ga skura yow pʼumah,",例如:鄉公所提供農業、,,,,,,,,,
752,6,6,"rmow ʼnxan Tayal, skita halan mita klahang btiyux ro rmow ita.",民政、觀光、財經等服務；,,,,,,,,,
753,6,6,"Esyesyo ga row klokah hi ro mwah phgup nya mgaʼin,",衛生所提供醫療保健的服務；,,,,,,,,,
754,6,6,"Huzisyo ga rmow yow na biru gaga na utux utux bbwan,",戶政事務所提供戶籍業務的服務；,,,,,,,,,
755,6,6,"Ubing kyoku ga halan ta sku pila ro,",郵局提供存款和提款，,,,,,,,,,
756,6,6,"halan ta magan pila uy, kruma ga row ita smatu bnrwan,",以及郵件的寄送服務；,,,,,,,,,
757,6,6,"Hacisyo ro lhuyan na ppuyat piniʼ ga pʼaras hiʼan na kkyan Sali,",派出所與消防隊提供鄉民居家安全；,,,,,,,,,
758,6,6,kyokay ro Kenbokay ga cmʼruw snhyan ro rmow mʼyinut na cyoli.,部落的教會與展望會則是鄉民的信仰中心及急難服務。,,,,,,,,,
759,6,6,skita rnow na kwara lhuyan kwe ga nya na cbwan ana nanu yow ʼyanux ta.,這些機構所提供的服務涵蓋一切的生活，,,,,,,,,,
760,6,6,"hiʼan ro hlagan ci kwara ʼnxan, hi ta ro inlungan ta kwara.",使我們身心靈及生活更加便捷與安全。,,,,,,,,,
761,6,7,te pitu lpgan,第七課,,,,,,,,,
762,6,7,snhyan ta micu,現在的宗教信仰,,,,,,,,,
763,6,7,"Renkyosi knahun binah cintlangan na kʼalang kya ga mwah pʼiyu myasa na ke,",外國宣教士到部落傳遞福音時，,,,,,,,,,
764,6,7,"srow nya cyoli Tayal tmwang myasa na pnhgupan ro ʼyaya srow ʼnxan,",為部落的子民提供醫療及日用品，,,,,,,,,,
765,6,7,wa lmgtuw lwara inlungan na cyoli Tayal.,感動了部落人民的心聲。,,,,,,,,,
766,6,7,"yaca nya, cyoli ta ita Tayal ga ʼaring snhi gaga na Kiristo cyoro kyokay, Sinyaso kyokay, ro Tensing kyokay.",因此，部落的人民開始接受基督長老教會、真耶穌教會和天主教的教義。,,,,,,,,,
767,6,7,"Kyokay hiya ga pyanga mpangan yow na cbaʼ inlungan na Tayal,mhngi ga kiʼan na halan ta smʼutux Utux kayal,",教會除了擔負著信仰生活與教育信徒的使命之外，,,,,,,,,,
768,6,7,"rmow yow gaga Tayal, ro sbaley gaga yow na msʼunan ro gaga na tmsuʼan tninun.",也是族人文化活動及婚喪儀式的主要場所。,,,,,,,,,
769,6,7,"Kyokay ga galan klahang ta gaga nasnhyan,",教會的禮儀和教義，融合了原住民部落傳統的生活規範，,,,,,,,,,
770,6,7,"ro galan piying mwah mhut ʼnxan ta,",形成了生活上主要的約束力量，,,,,,,,,,
771,6,7,nya pkita mnanak kiʼan na snhyan Tayal lwey.,原住民宗教生活又展現一番新的氣象。,,,,,,,,,
772,6,8,te spat lpgan,第八課,,,,,,,,,
773,6,8,bkal na pnsʼ unan,婚姻關係,,,,,,,,,
774,6,8,"gaga klhangan pnsʼunan na Tayal ga siga msʼun utux knerin ro utux mlikuy,",泰雅族之婚禮嚴守一夫一妻制，,,,,,,,,,
775,6,8,"spiyang ga pʼagal ina cinsali,",以男婚女嫁為原則，,,,,,,,,,
776,6,8,gaga msbayux ga cragan ta.,而已招贅婚為輔。,,,,,,,,,
777,6,8,"kya haʼiy mpuw magal, mpuw tiyu kawas knerin Tayal laga,",泰雅族女子十五、十六歲，,,,,,,,,,
778,6,8,"maki ppsiyey ga musa smiyey ro rmow yow pnsʼunan laʼiy,",便有媒人來提親搓合成婚，,,,,,,,,,
779,6,8,"gaga hkngyan ta smiyey ina ga skani ta utux gaga bbwan binah, krryax ga hknyan theyaʼ utux bbwan ta tugan, iyat ga payat pgal na gluw.",通常是在同一親族三、四代以外找尋配偶。,,,,,,,,,
780,6,8,"suruw psʼunan naha laa,",結婚以後，,,,,,,,,,
781,6,8,"baʼ mbkal kwara gluw ta,",親家們會互相往來，,,,,,,,,,
782,6,8,ro rrow kwara uy.,也會彼此相互扶持，,,,,,,,,,
783,6,8,"yani ryax na klahan tag a mwah rmow gluw ta uy,",譬如農作收成時，親家會來幫忙，,,,,,,,,,
784,6,8,ini mbley pnsʼunan naha ga mwah sbaley yow naha bnkis naha.,婚姻關係不和諧時，長輩會來調解處理等。,,,,,,,,,
785,6,8,"kahun bkal na psʼunan mlikuy ro knerin ga kbaʼcmi inlungan saʼing naha,",因為婚姻的關係，男女雙方相互學習尊重、,,,,,,,,,
786,6,8,"ro sswal inlungan, ro slabang inlungan uy.",接納與包容，,,,,,,,,,
787,6,8,musa galan pnslungan alalg ta knbleʼan na gluw naha.,他們成為部落和諧的典範。,,,,,,,,,
788,6,9,te mesuw lpgan,第九課,,,,,,,,,
789,6,9,pnʼ wasan Genzyumin,原住民學校,,,,,,,,,
790,6,9,"pnwasan Tayal yhe ga kkyan ta rmowpcbaʼ knbaʼan na cyoli Tayal,",原住民學校是人才培育的搖籃，,,,,,,,,,
791,6,9,"nanak tmwang pnbaʼ,",除了知識的傳授外，,,,,,,,,,
792,6,9,"ro binah ga tmwang tkbaʼ mllamu na klayan ʼba uy,",也提供學生學習各項技能的課程，,,,,,,,,,
793,6,9,utux utux pnwasan biru Tayal ga nya tgamil phkngyan pnwasan ta biru nanak.,每個學校發展會依據學校的特性，推動多元的學習活動。,,,,,,,,,
794,6,9,"nya rmuruw mllamu tkbaʼan pnwasan ta biru micu ga,",目前各校的教學活動有：,,,,,,,,,
795,6,9,"yan na cbaʼke Tayal, cbaʼke Amerika, cbaʼ ppiyy na Tayal, cbaʼ tminun takil,",族語教學、英語教學、泰雅樂舞、藤編、,,,,,,,,,
796,6,9,"cinua pala, Syumo, klkah boru, tlubuw prapa, ttingan Senpa...",織布、柔道、足球、管樂、森巴鼓...等,,,,,,,,,
797,6,9,"kya nanak knbaʼan na kwara utux utux mrhow pcbaʼ naha,",每位老師學有專精，,,,,,,,,,
798,6,9,"mniyat cbaʼ laʼiy,",認真教導，,,,,,,,,,
799,6,9,"ana laiy uy ga lokah mowas biru uy,",學生努力學習，,,,,,,,,,
800,6,9,"nya nanak mʼes mowas biru uy,",樂在其中，,,,,,,,,,
801,6,9,"cʼnrux khmey ci na mʼcyoli baley,",造就了部落人才，,,,,,,,,,
802,6,9,scyax lalu na alalg ta.,為部落爭光。,,,,,,,,,
803,6,10,te mpuw lpgan,第十課,,,,,,,,,
804,6,10,yow na Sali pʼ wasan kblayan,校園建築特色,,,,,,,,,
805,6,10,"sali na pnwasan biru Tayal kwe,",根據部落文化特色來規劃設計校園建築，,,,,,,,,,
806,6,10,pgluw naha mnanak gaga alang ta skbaley.,是原住民學校的特點。,,,,,,,,,
807,6,10,"yna na ʼlu na pnwasan biru alang Ropwe ga kyan pnatas naha ppiyan na Tayal ro myasa ci tegan,",例如：金岳國小的大門圍牆上有著美麗的泰雅舞蹈圖騰，,,,,,,,,,
808,6,10,"utux tuʼiy halan cka na pnwasan biru alang Pyahow kya ga kita inlungan na Tayal,",碧候國小有一條充滿泰雅風情的步道；,,,,,,,,,
809,6,10,"kthwey khoniʼ payas ro tyaba khoniʼ kinus ga mnanak snbil pnwasan biru alang Iyu kya,",翁澳國小和澳花國小特別保留了大榕樹和老樟；,,,,,,,,,
810,6,10,"pnwasan biru alang kngyan kya ga knaley naha khuʼ na Tayl ro inkyasan nya cmxu Tayal knaley naha btunux,",金洋國小校園建了泰雅穀倉和搗米的浮雕；,,,,,,,,,
811,6,10,"miyup ta pnwansan biru alang Cingan kya laga saʼing laʼiy Tayal klayan btunux a nya mnaga uwah ta,",南澳國小一進校園，有著歡迎我們的泰雅少年圖像；,,,,,,,,,
812,6,10,"pnwasan biru alang Buta kya ga pnuhi naha khoniʼ yumin saʼing kilgan kya,",武塔國小有兩排整齊的茄苳，,,,,,,,,,
813,6,10,"mwasi kʼman pnhi kya ro nya mkita kwara Sali knaley,",綠色的草地配上紅瓦房的四合院建築；,,,,,,,,,
814,6,10,"pnwasan biru alang Stacis ga pgluw naha inkyasan na rehyen bih rgyax, kya.",寒溪國小則依山勢呈現鋸齒型設計的格局。,,,,,,,,,
815,6,10,"kyan nana yow nya utux utux pnwasan biru kwe,",每個學校都有自己的特色，,,,,,,,,,
816,6,10,ita kwara ga aki ta snhuw inlungan ta mita kwara.,大家應該用尊重的態度去欣賞。,,,,,,,,,
817,6,11,te mpuw utux lpgan,第十一課,,,,,,,,,
818,6,11,ʼyaya ssyow Sali pnwasan ta biru,校園環境設施,,,,,,,,,
819,6,11,"cka na alang Tayal kya,",在部落中，,,,,,,,,,
820,6,11,"piyang baley na pslyan ta nya maki pnwasan ta biru kya,",學校是個很重要的活動場所。,,,,,,,,,
821,6,11,"skura ta laʼiy ta kbaley myasa na halan tkbaʼan kya,",為了營造孩子有良好的學習環境，,,,,,,,,,
822,6,11,utux utux pnwasan biru ita Tayal ga gmilan psnun naha kbalet pnwasan naha biru kya.,各校都會依據教學需要規畫各項設施。,,,,,,,,,
823,6,11,"ssyow na pnwasan ta biru kya ga kyan patas na Tayal pnatas naha ro nanak klayan na ʼba,",學校的四周有傳統的泰雅圖騰與裝置藝術，,,,,,,,,,
824,6,11,"cka tkbaʼan kya ga kyan ʼyaya halan ta kbaʼan micu,",教室裡有現代化的教學設備，,,,,,,,,,
825,6,11,"ro halan mowas biru kya kwara laʼiy,",是學生讀書的場所；,,,,,,,,,
826,6,11,"tnahan na pnwasan biru kya ga halan mgnow kya laʼiy alang ta,",學校的操場是學生運動流汗的地方，,,,,,,,,,
827,6,11,"twang klokah hi ta,",是小朋友的樂園；,,,,,,,,,
828,6,11,"lhuyan ssyaʼan na laʼiy uy,",也是孩子玩耍的空間,,,,,,,,,
829,6,11,mllamu yow tkbaʼan pnwasan ta biru kya ga skita knbaʼan ppiyan naha.,增強他們的體能，是小朋友的樂園；,,,,,,,,,
830,6,11,"skura tnsalan kwara laʼiy na utux alang ta, tmwang klokah hi naha.",而多功能教室可說是泰雅孩子表現才藝的舞台。,,,,,,,,,
831,6,11,"piyux ci ʼyaya na pnwasan ta Tayal ga bleʼow ta mraʼ,",學校有這麼多的設備，我們應該好好利用，,,,,,,,,,
832,6,11,ro hkhangan ta ga aw ci baley.,並且好好珍惜它才對。,,,,,,,,,
833,6,12,te mpuw saʼing lpgan,第十二課,,,,,,,,,
834,6,12,utux cinsali ita kwara,我們都是一家人,,,,,,,,,
835,6,12,"mnaga lpyung ga helow ci lungan cyoli Tayal hiya,",泰雅族是熱情好客的民族，,,,,,,,,,
836,6,12,ryax mllamu na gaga khangan ro snʼasan ryax ga mwah twang ksliʼan bkalan na utux bbwan naha.,常會藉著各種祭儀、節慶來聯絡家族間的情感。,,,,,,,,,
837,6,12,"Nanu taca, maki khmey lpyung ro gluw ta,",因此有許多的親戚朋友，,,,,,,,,,
838,6,12,"snʼasan na ryax haca, bnkis ga gleng mcbaʼ mkbaʼ utux bbwan naha,",在節慶時會由長輩帶領家族彼此互相認識，,,,,,,,,,
839,6,12,"yan na: uba, uya, mama naha, yaki ro yata, msswe,",如：爺爺、奶奶、叔叔伯伯、嬸嬸阿姨、兄弟姊妹，,,,,,,,,,
840,6,12,"lwey ga maki kwara gluw yutas naha,",還有親家的所有親朋好友，,,,,,,,,,
841,6,12,"yutas ro yaki, ina, yama, yaney naha,",岳父母、媳婦、女婿、小舅子等，,,,,,,,,,
842,6,12,nya tmwang sʼutux inlungan utux bbwan naha nanak.,凝聚家族間的向心力。,,,,,,,,,
843,6,12,"cka na utux bbwan Sali Tayal,",在泰雅家族中，,,,,,,,,,
844,6,12,"maki gaga ptyagan ro khangan ga mwah rmow ita kwara gluw ta lpyung ta uy,",只要有重要活動的時候，親戚朋友們就會來幫忙，,,,,,,,,,
845,6,12,"musa tmwang ci pnʼas Sali ta,",家裡就會很熱鬧，,,,,,,,,,
846,6,12,"sliʼan mu ci baʼ mrow kwara gluw ro lpyung ta,",我非常喜歡這種合作的氣氛，,,,,,,,,,
847,6,12,"yhe ga piying na utux bbwan,",這就是家族的力量，,,,,,,,,,
848,6,12,"baha mcya, ita ga utux cinsali ta.",因為我們都是一家人。,,,,,,,,,
